,Error,STD
0.0,0.121566151007,0.0742587032335
0.1,0.121649512399,0.0747269286299
0.2,0.121855445818,0.0752350910458
0.3,0.122214816317,0.0757547936521
0.4,0.122824053208,0.0762423110378
0.5,0.123854503645,0.0766884202596
0.6,0.125632486259,0.0771447885772
0.7,0.128872342065,0.0777298893934
0.8,0.135134840611,0.0788827071811
0.9,0.148371855475,0.0819857524418
1.0,0.183457409828,0.0873882950807
